sequence,label
ATGCCCCAACTAAATACTACCGTATGGCCCACCATAATTACCCCCATACTCCTTACACTATTCCTCATCACCCAACTAAAAATATTAAACACAAACTACCACCTACCTCCCTCACCAAAGCCCATAAAAATAAAAAATTATAACAAACCCTGAGAACCAAAATGAACGAAAATCTGTTCGCTTCATTCATTGCCCCCACAATCCTAG,4
ATGAACGAAAATCTGTTCGCTTCATTCATTGCCCCCACAATCCTAGGCCTACCCGCCGCAGTACTGATCATTCTATTTCCCCCTCTATTGATCCCCACCTCCAAATATCTCATCAACAACCGACTAATCACCACCCAACAATGACTAATCAAACTAACCTCAAAACAAATGATAACCATACACAACACTAAAGGACGAACCTGATCTCTTATACTAGTATCCTTAATCATTTTTATTGCCACAACTAACCTCCTCGGACTCCTGCCTCACTCATTTACACCAACCACCCAACTATCTATAAACCTAGCCATGGCCATCCCCTTATGAGCGGGCACAGTGATTATAGGCTTTCGCTCTAAGATTAAAAATGCCCTAGCCCACTTCTTACCACAAGGCACACCTACACCCCTTATCCCCATACTAGTTATTATCGAAACCATCAGCCTACTCATTCAACCAATAGCCCTGGCCGTACGCCTAACCGCTAACATTACTGCAGGCCACCTACTCATGCACCTAATTGGAAGCGCCACCCTAGCAATATCAACCATTAACCTTCCCTCTACACTTATCATCTTCACAATTCTAATTCTACTGACTATCCTAGAAATCGCTGTCGCCTTAATCCAAGCCTACGTTTTCACACTTCTAGTAAGCCTCTACCTGCACGACAACACATAA,4
ATGTGTGGCATTTGGGCGCTGTTTGGCAGTGATGATTGCCTTTCTGTTCAGTGTCTGAGTGCTATGAAGATTGCACACAGAGGTCCAGATGCATTCCGTTTTGAGAATGTCAATGGATACACCAACTGCTGCTTTGGATTTCACCGGTTGGCGGTAGTTGACCCGCTGTTTGGAATGCAGCCAATTCGAGTGAAGAAATATCCGTATTTGTGGCTCTGTTACAATGGTGAAATCTACAACCATAAGAAGATGCAACAGCATTTTGAATTTGAATACCAGACCAAAGTGGATGGTGAGATAATCCTTCATCTTTATGACAAAGGAGGAATTGAGCAAACAATTTGTATGTTGGATGGTGTGTTTGCATTTGTTTTACTGGATACTGCCAATAAGAAAGTGTTCCTGGGTAGAGATACATATGGAGTCAGACCTTTGTTTAAAGCAATGACAGAAGATGGATTTTTGGCTGTATGTTCAGAAGCTAAAGGTCTTGTTACATTGAAGCACTCCGCGACTCCCTTTTTAAAAGTGGAGCCTTTTCTTCCTGGACACTATGAAGTTTTGGATTTAAAGCCAAATGGCAAAGTTGCATCCGTGGAAATGGTTAAATATCATCACTGTCGGGATGTACCCCTGCACGCCCTCTATGACAATGTGGAGAAACTCTTTCCAGGTTTTGAGATAGAAACTGTGAAGAACAACCTCAGGATCCTTTTTAATAATGCTGTAAAGAAACGTTTGATGACAGACAGAAGGATTGGCTGCCTTTTATCAGGGGGCTTGGACTCCAGCTTGGTTGCTGCCACTCTGTTGAAGCAGCTGAAAGAAGCCCAAGTACAGTATCCTCTCCAGACATTTGCAATTGGCATGGAAGACAGCCCCGATTTACTGGCTGCTAGAAAGGTGGCAGATCATATTGGAAGTGAACATTATGAAGTCCTTTTTAACTCTGAGGAAGGCATTCAGGCTCTGGATGAAGTCATATTTTCCTTGGAAACTTATGACATTACAACAGTTCGTGCTTCAGTAGGTATGTATTTAATTTCCAAGTATATTCGGAAGAACACAGATAGCGTGGTGATCTTCTCTGGAGAAGGATCAGATGAACTTACGCAGGGTTACATATATTTTC,
ATGTGTGGCATTTGGGCGCTGTTTGGCAGTGATGATTGCCTTTCTGTTCAGTGTCTGAGTGCTATGAAGATTGCACACAGAGGTCCAGATGCATTCCGTTTTGAGAATGTCAATGGATACACCAACTGCTGCTTTGGATTTCACCGGTTGGCGGTAGTTGACCCGCTGTTTGGAATGCAGCCAATTCGAGTGAAGAAATATCCGTATTTGTGGCTCTGTTACAATGGTGAAATCTACAACCATAAGAAGATGCAACAGCATTTTGAATTTGAATACCAGACCAAAGTGGATGGTGAGATAATCCTTCATCTTTATGACAAAGGAGGAATTGAGCAAACAATTTGTATGTTGGATGGTGTGTTTGCATTTGTTTTACTGGATACTGCCAATAAGAAAGTGTTCCTGGGTAGAGATACATATGGAGTCAGACCTTTGTTTAAAGCAATGACAGAAGATGGATTTTTGGCTGTATGTTCAGAAGCTAAAGGTCTTGTTACATTGAAGCACTCCGCGACTCCCTTTTTAAAAGTGGAGCCTTTTCTTCCTGGACACTATGAAGTTTTGGATTTAAAGCCAAATGGCAAAGTTGCATCCGTGGAAATGGTTAAATATCATCACTGTCGGGATGTACCCCTGCACGCCCT,6
ATGTGTGGCATTTGGGCGCTGTTTGGCAGTGATGATTGCCTTTCTGTTCAGTGTCTGAGTGCTATGAAGATTGCACACAGAGGTCCAGATGCATTCCGTTTTGAGAATGTCAATGGATACACCAACTGCTGCTTTGGATTTCACCGGTTGGCGGTAGTTGACCCGCTGTTTGGAATGCAGCCAATTCGAGTGAAGAAATATCCGTATTTGTGGCTCTGTTACAATGGTGAAATCTACAACCATAAGAAGATGCAACAGCATTTTGAATTTGAATACCAGACCAAAGTGGATGGTGAGATAATCCTTCATCTTTATGACAAAGGAGGAATTGAGCAAACAATTTGTATGTTGGATGG,1
ATGAAGATTGCACACAGAGGTCCAGATGCATTCCGTTTTGAGAATGTCAATGGATACACCAACTGCTGCTTTGGATTTCACCGGTTGGCGGTAGTTGACCCGCTGTTTGGAATGCAGCCAATTCGAGTGAAGAAATATCCGTATTTGTGGCTCTGTTACAATGGTGAAATCTACAACCATAAGAAGGTG,2
ATGTGTGGCATTTGGGCGCTGTTTGGCAGTGATGATTGCCTTTCTGTTCAGTGTCTGAGTGCTATGAAGATTGCACACAGAGGTCCAGATGCATTCCG,3
ATGTGTGGCATTTGGGCGCTGTTTGGCAGTGATGATTGCCTTTCTGTTCAGTGTCTGAGTGCTATGAAGATTGCACACAGAGGTC,3
ATGTGTGGCATTTGGGCGCTGTTTGGCAGTGATGATTGCCTTTCTGTTCAGTGTCTGAGTGCTATGAAGATTGCACACAGAGGTCCAGATGCATTCCGTTTTGAGAATGTCAATGGATACACCAACTGCTGCTTTGGATTTCACCGGTTGGCGGTAGTTGACCCGCTGTTTGGAATGCAGCCAATTCGAGTGAAGAAATATCCGTATTTGTGGCTCTGTTACAATGGTGAAATCTACAACCATAAGAAGATGCAACAGCATTTTGAATTTGAATACCAGACCAAAGTGGATGGTGAGATAATCCTTCATCTTTATGACAAAGGAGGAATTGAGCAAACAATTTGTATGTTGGATGGTGTGTTTGCATTTGTTTTACTGGATACTGCCAATAAGAAAGTGTTCCTGGGTAGAGATACATATGGAGTCAGACCTTTGTTTAAAGCAATGACAGAAGATGGATTTTTGGCTGTATGTTCAGAAGCTAAAGGTCTTGTTACATTGAAGCACTCCGCGACTCCCTTTTTAAAAGTGGAGCCTTTTCTTCCTGGACACTATGAAGTTTTGGATTTAAAGCCAAATGGCAAAGTTGCATCCGTGGAAATGGTTAAATATCATCACTGTCGGGATGTACCCCTGCACGCCCT,3
